SRC Sunrise,0730,Zoom daily meetings - all times: London,https://zoom.us/j/907509424?pwd=SCtVYWVzQmxJc1pkMGlZRVB3eHBCdz09
Living sober under any circumstances,0800,Zoom daily meetings - all times: London,https://us04web.zoom.us/j/294389361?pwd=eUFobzBPcnNRdU4zQjN6dmpGdzd0dz09
Women in Recovery Just for Today,1130,Zoom daily meetings - all times: London,https://us04web.zoom.us/j/2339183823
Chelsea Worlds End (previously Saturday only),1130,Zoom daily meetings - all times: London,https://us04web.zoom.us/j/111258416
London Lunchtime,1300,Zoom daily meetings - all times: London,https://zoom.us/j/291142600?pwd=S0pBeUhMZnJuSFMxMTdrSnhKNVAzUT09
New York Sober on the Square,1530,Zoom daily meetings - all times: London,https://zoom.us/j/744426341
Just for Today,1900,Zoom daily meetings - all times: London,https://us04web.zoom.us/j/495111452?pwd=bURJY3J0dUw1eXU2VjBMbHBLTUhwUT09
Reykjavík,1900,Zoom daily meetings - all times: London,https://zoom.us/j/9081189126
Soho Connected,1930,Zoom daily meetings - all times: London,https://zoom.us/j/127102065
Lombard Street,0730,Monday,https://zoom.us/j/616923570
Knighsbridge Women's Step Study,1000,Monday,https://us04web.zoom.us/j/558095548
Women's Hour,1000,Monday,https://zoom.us/j/9078070824
Parson's Green,1100,Monday,https://zoom.us/j/289566039
Stratford lunchtime,1150,Monday,https://us04web.zoom.us/j/6547060528
Hampton Newcomers Fresh Start,1200,Monday,https://us04web.zoom.us/j/2020193500
St James Garlickhythe As Bill Sees it,1230,Monday,https://zoom.us/j/2978730831
Artizan Street,1230,Monday,https://us04web.zoom.us/j/8266040748
Goldsmith's AA,1630,Monday,https://zoom.us/j/877688828
London Evening,1800,Monday,https://zoom.us/j/3444312436
SRC How it Works,1800,Monday,https://zoom.us/j/972779272
Pont Street Newcomers,1800,Monday,https://zoom.us/j/373172692
Acton Sober Feet,1800,Monday,https://us04web.zoom.us/j/291954100
Angel Quick Step,1800,Monday,https://u04web.zoom.us/j/4843149112
"Richmond Came to believe steps 2,3 and 11",1815,Monday,https://zoom.us/j/784346433?pwd=WjhhU1NsZnVsbEJCWUg5WFBqakphdz09
Eaton Square Early Men’s,1830,Monday,https://zoom.us/j/934961455
West End Newcomers,1830,Monday,https://zoom.us/j/322876834?pwd=SXFBOEx6SXo4dTlWNDhycG1CeE9pUT09
Gospel Oak,1830,Monday,https://zoom.us/j/388083191
SRC LGBT+,1830,Monday,https://zoom.us/j/396206821
Wimbledon The Broad Highway Big Book Study,1900,Monday,https://us04web.zoom.us/j/337185248
Bethnal Green,1900,Monday,https://us04web.zoom.us/j/292724387?pwd=OE5rempORnMxY2ZsdlZLZHlzSDl3QT09
Boltons,1900,Monday,https://us04web.zoom.us/j/932729112
Vauxhall Beginners,1900,Monday,https://zoom.us/j/279621354?pwd=TE8zL3RHMVl0MTF3aEcyS253c1Nldz09
Kensington As Bill Sees It Beginners,1930,Monday,https://zoom.us/j/6934013270
Pont street discussion,1930,Monday,https://us04web.zoom.us/j/545600518
Fulham Newcomers,1930,Monday,https://us04web.zoom.us/j/698233618
Ogle St,1930,Monday,https://us04web.zoom.us/j/860417906?pwd=OTI5YmQ3ZkhJZmMvRm5mYURYMlhnQT09
Friern Barnet,2000,Monday,
Highbury Barn,2000,Monday,https://zoom.us/j/885233962?pwd=dUpPUnF0SlpjU2ZmWmFzcU1yS3dYZz09
Oakwood,2000,Monday,https://zoom.us/j/2471641212
Ponders End,2000,Monday,https://zoom.us/j/393574519
Walton Step and Tradition,2000,Monday,
Portobello Step One,2000,Monday,https://zoom.us/j/8570380228
8 o’clock Isolators (Step 1),2000,Monday,https://zoom.us/j/749402211
Lombard Street,0730,Tuesday,https://zoom.us/j/888355635?pwd=TW1MMWRqL0J3QjlzTEl3MmFYTnlHUT09
Bethnal Green Morning Reflections,0730,Tuesday,https://us04web.zoom.us/j/445529694
Child Friendly W3,1030,Tuesday,https://us04web.zoom.us/j/932729112
Portobello Road,1230,Tuesday,https://us04web.zoom.us/j/217105096
Parsons Green,1300,Tuesday,https://zoom.us/j/768854246
SRC Big Book Study,1630,Tuesday,https://us04web.zoom.us/j/872564168
Soho Recovery Centre,1800,Tuesday,https://zoom.us/j/886923561
Gospel Oak,1830,Tuesday,https://zoom.us/j/703085802
Pimlico Newcomers,1830,Tuesday,https://zoom.us/j/409340119
Angel Speakers,1900,Tuesday,https://zoom.us/j/444888886
City Serenity,1900,Tuesday,https://zoom.us/j/111498100?pwd=WVo5K05tM1N2RitrWXFrTndFTEVrdz09
Leyton Newcomers,1900,Tuesday,https://zoom.us/j/547181071
Battersea Beginners,1930,Tuesday,https://us04web.zoom.us/j/181800220
The Hut,1930,Tuesday,https://us04web.zoom.us/j/697450006?_ga=2.169733604.430027603.1584913763-1440410356.1584615083
Angel LGBTQ Daily Reflections click,1930,Tuesday,https://zoom.us/j/271628066
Canary Wharf: As Bill Sees it,1930,Tuesday,https://us04web.zoom.us/j/937912241
Holborn Overcomes Tuesdays,1930,Tuesday,https://zoom.us/j/330816652
Shy Sharers,1930,Tuesday,https://zoom.us/j/780811141
Chelsea The Hut,1930,Tuesday,https://us04web.zoom.us/j/697450006
Brixton Hill The AA Way Of Life,1930,Tuesday,https://zoom.us/j/490191906?pwd=amNvNGdHNDZoclVwemY3cVlwV2dXQT09
Eaton Square Women,2000,Tuesday,https://us04web.zoom.us/j/768651445
Greenwich Big Book Study,2000,Tuesday,https://us04web.zoom.us/j/697891871?pwd=T0tDYURaU3dycXZvNndrS3UzUlI3dz09
Muswell Hill,2000,Tuesday,https://zoom.us/j/740288220
Roehampton Priory Hospital,2000,Tuesday,https://zoom.us/j/6499732198
Hampstead Hour,2000,Tuesday,https://us04web.zoom.us/j/768787192
8 o’clock Isolators (Daily Reflection),2000,Tuesday,https://zoom.us/j/417507622
Redhill,2000,Tuesday,https://us04web.zoom.us/j/3807430544
Lombard Street,0730,Wednesday,https://zoom.us/j/687011365
Fulham Just for Today,1000,Wednesday,https://zoom.us/j/7711776913
Women's Serenity Hour,1000,Wednesday,https://zoom.us/j/9078070824
Hampstead Meditation,1200,Wednesday,https://us04web.zoom.us/j/344063927
here,1230,Wednesday,https://us04web.zoom.us/j/970156693
Eaton Square,1300,Wednesday,https://us04web.zoom.us/j/9947411279?pwd=cVg3SzNOZzdVK0JwYWZDUkhqanhZQT09
Bromley Common,1300,Wednesday,https://zoom.us/j/990476342
This Too Shall Pass,1315,Wednesday,https://us04web.zoom.us/j/664970535?pwd=amRGN25VUXpzcXoyMlhXcUJJS1dndz09
Chelsea,1730,Wednesday,https://zoom.us/j/6931731755
City Survivors,1800,Wednesday,https://zoom.us/j/9611121016
You'll Never Walk Alone,1830,Wednesday,https://us04web.zoom.us/j/117748886
Bethnal Green 12 x 12,1830,Wednesday,https://zoom.us/j/5269271731
Kentish Town Newcomers,1830,Wednesday,https://zoom.us/j/9050138311
Muswell Hill Meditation,1830,Wednesday,https://us04web.zoom.us/j/621149943
The Other Venice Beach,1830,Wednesday,https://zoom.us/j/271071973?pwd=TlFMZkdsZTlYaHd6WThFWHBqS2l4UT09
Angel Design for Living,1845,Wednesday,https://zoom.us/j/237761538
West End Pass it on,1845,Wednesday,https://zoom.us/wc/join/975833560
You’ll Never Walk Alone,1845,Wednesday,https://us04web.zoom.us/j/117748886?_ga=2.26225213.1062415551.1584959689-345313123.1584959689
Vauxhall Beginners,1900,Wednesday,https://zoom.us/j/279621354?pwd=TE8zL3RHMVl0MTF3aEcyS253c1Nldz09
Bloomsbury LGBTQ+,1900,Wednesday,https://zoom.us/j/515987696
Chelsea Joys of Recovery,1900,Wednesday,
"City 3, 7, 11 & meditation",1900,Wednesday,https://us04web.zoom.us/u/fce7HKKema
Kinnerton Street,1900,Wednesday,https://us04web.zoom.us/j/768708501
Principles in Application,1900,Wednesday,https://zoom.us/j/3104870742
Kensington,1930,Wednesday,https://us04web.zoom.us/j/7718911051
The Recovery Group,1930,Wednesday,https://zoom.us/j/8798777297
West End Young People,1930,Wednesday,https://zoom.us/j/630062686?pwd=NzU2SlpaVVpXMU5weExERm5zczhLQT09
Oval One Day At A Time,1930,Wednesday,https://us04web.zoom.us/j/864827365
Southall Speaker,1930,Wednesday,https://zoom.us/j/3548941738
Burnt Oak Akron Reflections,2000,Wednesday,https://us04web.zoom.us/j/5412558636
"Dagenham Strength, Courage, Hope",2000,Wednesday,https://zoom.us/j/832087406
Grovelands,2000,Wednesday,https://zoom.us/j/151705045?pwd=dmljUGEyVTdnZ0h1QU11dWhIdVl1QT09
Ponders End Big Book Step,2000,Wednesday,https://zoom.us/j/2442330898
8 o’clock Isolators (Big Book),2000,Wednesday,https://zoom.us/j/373226638
Ruislip,2030,Wednesday,https://us04web.zoom.us/j/368107879
Lombard Street,0730,Thursday,https://zoom.us/j/694624812
Bethnal Green Step by Step,0730,Thursday,https://zoom.us/j/615579262
SRC Brunch,1030,Thursday,https://zoom.us/j/164242510?pwd=WTJFaEJ6MmlmdjVEMTlRVjFPUUt2Zz09
City  of London AA lunch,1230,Thursday,https://zoom.us/j/2657273608
Charing Cross Lunchtime Step Meeting click,1230,Thursday,https://us04web.zoom.us/j/796037580?pwd=UUVId1c0Ym92UzV4Q0EwTU1HQlUydz09
As Bill Sees it,1300,Thursday,https://zoom.us/j/531092388?pwd=eDUzRVByTU10eEVJSVdBRkxpZUhIdz09
Earls Court Lunchtime Step,1300,Thursday,https://us04web.zoom.us/j/725729982
Muswell Hill Lunchtime,1300,Thursday,https://zoom.us/j/251043826
Pont St Women's,1400,Thursday,https://us04web.zoom.us/j/698233618
Parsons Green,1800,Thursday,https://zoom.us/j/832087406
Kiddipore Newcomers,1830,Thursday,https://zoom.us/j/918803540
West End LGBTQ Newcomers,1830,Thursday,https://us04web.zoom.us/j/157134974
Marylebone Step and Meditation Meeting,1845,Thursday,https://us04web.zoom.us/j/133662182?pwd=SFp4SUdMY3R6NThUcEt1TUR2WXczUT09
Angel ID,1900,Thursday,https://us04web.zoom.us/j/595640296
"Atheists, agnostics and freethinkers",1900,Thursday,https://zoom.us/j/3989132997
Angel LGBTQ+ Step,1900,Thursday,https://zoom.us/j/104544204
Remote YPAA,1900,Thursday,https://zoom.us/j/8021516103
Zoom Men,1900,Thursday,https://zoom.us/j/677910972
Chelsea Step & Tradition,1900,Thursday,https://us04web.zoom.us/j/881329344
Deptford Step & Tradition,1915,Thursday,https://zoom.us/j/780827652?pwd=SHo3ZnlqaXhSKzllMmhhNzNreDhpUT09
Holborn Overcomes Thursdays,1930,Thursday,https://zoom.us/j/330816652
There is a solution,1930,Thursday,https://us04web.zoom.us/j/2901984903
Tolworth Newcomers How it Works,1930,Thursday,
Chertsey Men’s Feelings,1930,Thursday,https://zoom.us/j/508367757
Walton On The Hill,2000,Thursday,https://us04web.zoom.us/j/3807430544
"Sutton Christchurch Park,",2000,Thursday,https://us04web.zoom.us/j/772573168?pwd=K1h6dWxrdC9SM1QrVXcrTVBLRVl5dz09
Southwold As Bill Sees It,2000,Thursday,https://us04web.zoom.us/j/2339393492?pwd=VTVnK2d4SExhbUtZbncyNm5UbFBHUT09
Hampstead Kidderpore Avenue,2000,Thursday,https://us04web.zoom.us/j/671664624?pwd=VEg2aVdNMmIxV1c2T3NtOEIvTnd6QT09
Clapham Manor Street,2000,Thursday,https://zoom.us/j/618694702
8 o’clock Isolators (Tradition 3),2000,Thursday,https://zoom.us/j/984298556
Lombard Street,0730,Friday,https://zoovu.zoom.us/j/4715791399
Women's Serenity Hour,1000,Friday,https://zoom.us/j/9078070824
Wimbledon Women’s Meeting,1000,Friday,https://zoom.us/j/980642436
Muswell Hill Big Book,1030,Friday,https://zoom.us/j/737695962
Artizan Street Library,1230,Friday,https://us04web.zoom.us/j/5715904228
St James Garlickhythe,1230,Friday,https://zoom.us/j/2978730831
Barnes Friday Step & Tradition,1300,Friday,https://us04web.zoom.us/j/7401797656
Parsons Green,1300,Friday,https://zoom.us/j/483830310
Epsom,1300,Friday,https://us04web.zoom.us/j/3807430544
Archway,1345,Friday,https://zoom.us/j/2594267022
LGBTQ Big Book SRC,1800,Friday,https://zoom.us/j/500608386
Chiswick Women's Happy Hour,1815,Friday,https://zoom.us/j/557913459
Gospel Oak Step,1830,Friday,https://zoom.us/j/634564877
Eaton Square Friday,1830,Friday,https://us04web.zoom.us/j/977025113?pwd=NTBkUGVuRHI2cExHYmREaFRKWHMwQT09
Honesty In Islington,1900,Friday,https://us04web.zoom.us/j/4462507458
Thoughts for the Weekend,1900,Friday,https://us04web.zoom.us/j/588475066
Friendship on Friday,1900,Friday,https://us04web.zoom.us/j/399150530
Barnes Steps & Traditions,1900,Friday,https://us04web.zoom.us/j/4190538025
Chelsea Promises,1900,Friday,https://us04web.zoom.us/j/381336297?_ga=2.230024665.430027603.1584913763-1440410356.1584615083
Hinde Street Just for Today,1900,Friday,https://zoom.us/j/223829691?pwd=dTJUK3pMWCtVbTVLMzNmT1N4YnBaUT09
Hoxton Big Book Step,1900,Friday,https://zoom.us/j/223829691?pwd=dTJUK3pMWCtVbTVLMzNmT1N4YnBaUT09
Muswell Hill Big Book Step,1900,Friday,
Vauxhall Beginners,1900,Friday,https://zoom.us/j/279621354?pwd=TE8zL3RHMVl0MTF3aEcyS253c1Nldz09
Young People They stopped in time,1900,Friday,https://zoom.us/j/755348476
St Winefrides,1915,Friday,https://zoom.us/j/2882054779
Richmond Friday Night,2000,Friday,https://us04web.zoom.us/j/241496704
8 o’clock Isolators,2000,Friday,https://zoom.us/j/891317438
Burnt Oak Friday Experience Strength and Hope,2000,Friday,https://us04web.zoom.us/j/5412558636
Richmond Sober am,0730,Saturday,http://richmondbridge.org/virtual-meetings
Never too Early Meditation,0830,Saturday,https://us04web.zoom.us/j/382311004?pwd=ZmNZNElYSWwzaFV0QUZPa3ZxamFwUT09
Chelsea Beginners,0930,Saturday,https://zoom.us/j/231618354
Into Action,0945,Saturday,https://us04web.zoom.us/j/2901984903
Balham Step,1000,Saturday,https://zoom.us/j/5651403696
St Marys Reflections,1000,Saturday,https://zoom.us/j/808630846
Epsom Saturday Sober,1000,Saturday,https://zoom.us/j/584167173
Bethnal Green,1000,Saturday,https://zoom.us/j/469440128?pwd=NVo5VURpMHdTcTByWjBuM3FzMExJUT09
Gospel Oak,1000,Saturday,https://zoom.us/j/657030282
Muswell Hill Sober on Saturday,1000,Saturday,https://us04web.zoom.us/j/621149943
Southwark Big Book,1000,Saturday,https://zoom.us/j/985455415
Broad Highway,1030,Saturday,https://zoom.us/j/306353828
Enfield Step,1030,Saturday,https://zoom.us/j/422360861?pwd=Sk9GT05mTG5TOW42b0tSVlFLWGZjdz09
Wimbledon Discussion (St Winefride's),1045,Saturday,https://us04web.zoom.us/j/7194046873
Islington,1100,Saturday,https://zoom.us/j/183302202?pwd=Rm5ucEp3UFNpSGQ5TjJoS2dFakp1QT09
Kew Big Book,1100,Saturday,https://zoom.us/j/712080270
Road to Recovery Old Street,1100,Saturday,https://us04web.zoom.us/j/426063845?pwd=S0FZeHBCMVh0T09WT0VURzQ4SmJxUT09
Romford Strength Courage Hope,1100,Saturday,https://zoom.us/j/832087406
Flood Street,1145,Saturday,https://us04web.zoom.us/j/326981263?_ga=2.230024665.430027603.1584913763-1440410356.1584615083
Hackney Crossroads,1400,Saturday,https://us04web.zoom.us/j/8523584734
BME,1600,Saturday,https://zoom.us/j/8188897186
Brick Lane Big Book Study,1800,Saturday,https://zoom.us/j/621512580?pwd=STdJcVA5STRkMGJCVXdoTzlQQXF2QT09
Principles in Application,1800,Saturday,https://zoom.us/j/3104870742
Into Action,1930,Saturday,https://us04web.zoom.us/j/2901984903
Candlelight & Kindness Northfields,1930,Saturday,https://zoom.us/j/284906472?pwd=d3hZQ3p3ZmxhQWxNTDl4ZUNrY0xNQT09
"Young People, Modem to Modem",2000,Saturday,https://zoom.us/j/8021516103
8 o’clock Isolators (Speaker),2000,Saturday,https://zoom.us/j/582921790
Promises Meeting in Pimlico,0830,Sunday,https://us04web.zoom.us/j/310757727
Camden Gratitude,0900,Sunday,https://zoom.us/j/349516767?pwd=ZkpBbGVPWVBrQWh0c25ENVNHSE1WQT09
Earlsfield Eyeopener,0900,Sunday,https://zoom.us/j/175019275
Sober on Sunday,0900,Sunday,https://us04web.zoom.us/j/652011882
Hackney Crossroads at Victoria Park,1000,Sunday,https://us04web.zoom.us/j/603151071?pwd=d1l0RnBKOXVnVnFUVW1VNFM2SGZEZz09
William Morris: A design for living,1030,Sunday,https://zoom.us/j/6029649716
"Deptfrod 'Topic & Discussion"" Open",1100,Sunday,https://zoom.us/j/467139618?pwd=dzRyWS96NElMKzA2RkRzSEs5bmdJUT09
Canning Town,1100,Sunday,https://zoom.us/j/5935241222
Kensington First Steps,1100,Sunday,https://zoom.us/j/484453715
Portobello First steps,1100,Sunday,https://zoom.us/j/484453715
Walthamstow Feelings,1100,Sunday,https://zoom.us/j/832087406
SRC LGBTQI & Friends: Spiritual Concepts,1200,Sunday,https://us04web.zoom.us/j/690054878?pwd=RkpwZUdWaVlUY3Q2cEM5aWtneE4xdz09
Los Amigos,1500,Sunday,https://zoom.us/j/494532398?pwd=STZUY0lMc2FEK2NVZ1c5d3Z0OEJuQT09
Chelsea & Westminster Steps 3 & 11,1700,Sunday,https://zoom.us/j/884803739
Kilburn Abbey Road,1700,Sunday,https://us04web.zoom.us/j/866383618?pwd=eCtiazRSVm5rZWRkZjZTb3E4ZGJwUT09
Chelsea Men's Step,1830,Sunday,https://zoom.us/j/915561981
Angel Language of the Heart,1900,Sunday,https://cutt.ly/AADuncanTerraceSun7pm
Chelsea Lest we Forget,1930,Sunday,https://zoom.us/j/602959414?pwd=SStKNHBDSEYrK0d1cUMvS1BFQ0RiZz09
Crouch End Promises,1930,Sunday,https://zoom.us/j/536701865?pwd=Y3lXM3ZBR0hlcEZ6OHpFVFZoUXFsdz09
Stoke Newington Feelings,1930,Sunday,https://zoom.us/j/450597305?pwd=Q1ozSWQvV3ZxR3RWWmgwVmNyejN5QT09
Hampstead,1930,Sunday,https://us04web.zoom.us/j/996994546
Holborn Overcomes Sundays,1945,Sunday,https://zoom.us/j/330816652
Clapham Reflections,2000,Sunday,https://zoom.us/j/322468239?pwd=TE9kQW41REU1NzJ3b1FrSk5uSDhaZz09
Clapton Complete Big Book,2000,Sunday,https://us04web.zoom.us/j/9692618624
Principles in Action,2000,Sunday,https://zoom.us/j/141359191?pwd=OUJvbWJ2YVhQVEhVQ0V6KzV4TTFIUT09
8 o’clock Isolators (As Bill See's it),2000,Sunday,https://zoom.us/j/713167759
